Notification of acceptance,Abstract registration deadline,Poster,Camera-ready,Poster abstract submission,Conference website,Submission deadline,Link,Short talk abstract submission,Submission link
,,,,,http://www.inbix.bioclues.org,,https://easychair.org/cfp/Inbix18,,
"April 6, 2018",,,"April 20, 2018","May 18, 2018",http://imbio.de/ib2018,"March 2, 2018",https://easychair.org/cfp/IB2018,"April 20, 2018",https://easychair.org/conferences/?conf=ib2018
,"February 4, 2018",,,,http://icibm2018.zhaobioinfo.org,"February 4, 2018",https://easychair.org/cfp/icibm2018,,https://easychair.org/conferences/?conf=icibm2018
,,,,,http://icgda.org/,"February 15, 2018",https://easychair.org/cfp/ICGDA2018,,https://easychair.org/conferences/?conf=icgda2018
,,,,,http://www.iccai.net/,"January 25, 2018",https://easychair.org/cfp/ICCAI2018,,https://easychair.org/conferences/?conf=iccai2018
,,,,,http://icbcb.org/,"January 25, 2018",https://easychair.org/cfp/ICBCB2018,,https://easychair.org/conferences/?conf=icbcb2018
,,,,,http://icbct.org/,"January 10, 2018",https://easychair.org/cfp/ICBCT2018,,https://easychair.org/conferences/?conf=icbct2018
,"March 28, 2018",,,,https://acss.ear.com.sg,"May 9, 2018",https://easychair.org/cfp/ACSS2018,,
,"December 20, 2017",download,,,http://www.apsafe.org/,"December 20, 2017",https://easychair.org/cfp/APSafe2018,,https://easychair.org/conferences/?conf=apsafe2018
,"January 15, 2018",,,,http://iwbbio.ugr.es/,"January 15, 2018",https://easychair.org/cfp/IWBBIO2018,,https://easychair.org/conferences/?conf=iwbbio2018
,"November 30, 2017",,,,https://aacbb-workshop.github.io/,"December 18, 2017",https://easychair.org/cfp/AACBB-2018,,https://easychair.org/conferences/?conf=aacbb2018
,,,,,,,https://easychair.org/cfp/GR2018,,https://easychair.org/conferences/?conf=gr2018
,"January 15, 2018",,,,http://biocuration2018.cn,"January 15, 2018",https://easychair.org/cfp/biocuration2018,,https://easychair.org/conferences/?conf=biocuration2018
,,,,,http://2018.genedis.eu,"April 20, 2018",https://easychair.org/cfp/genedis2018,,https://easychair.org/conferences/?conf=genedis2018
