Abstract registration deadline,Final paper submission deadline,End of early-bird registration,Conference website,Abstract Submission Deadline,Submission deadline,Link,Submission link,Notficaton of acceptance
"March 15, 2018",,,http://www.fst.ac.ma/jremie3/,,"April 1, 2018",https://easychair.org/cfp/JREMIE3,https://easychair.org/conferences/?conf=jremie3,
"February 21, 2018",,,http://cfmn2018.com/,,"February 21, 2018",https://easychair.org/cfp/CFMN2018,,
,,,http://itsrcp18.fis.agh.edu.pl/,,,https://easychair.org/cfp/itsrcp18,https://easychair.org/conferences/?conf=itsrcp18,
"March 2, 2018",,,http://www.pd.infn.it/~maritan/veniceworkshop/veniceworkshop.html,,"March 9, 2018",https://easychair.org/cfp/SMEEB2018,https://easychair.org/conferences/?conf=smeeb2018,
,,,http://www.2018altermanconference.polimi.it/index.htm,,,https://easychair.org/cfp/2018acsgakc,https://easychair.org/conferences/?conf=2018acsgakc,
,,,http://elc2018.eu,,"February 15, 2018",https://easychair.org/cfp/ELC2018,https://easychair.org/conferences/?conf=elc2018,
,,,http://www.eef17.gr,,"January 31, 2018",https://easychair.org/cfp/EEF17,https://easychair.org/conferences/?conf=eef17,
,"June 4, 2018","July 2, 2018",http://uwbusis.karazin.ua,,"March 5, 2018",https://easychair.org/cfp/UWBUSIS-2018,https://easychair.org/conferences/?conf=uwbusis2018,"May 7, 2018"
"March 2, 2018",,,http://www.albrasci.org/6JORNINC/,,"June 1, 2018",https://easychair.org/cfp/6JORNINC-1JORPROCIV_2018,https://easychair.org/conferences/?conf=6jorninc1jorprociv20,
,,,https://www.modelica.org/events/modelica2018japan,,"February 8, 2018",https://easychair.org/cfp/Modelica2018Japan,https://easychair.org/conferences/?conf=modelica2018japan,
,,,,,"March 1, 2018",https://easychair.org/cfp/pc2018,https://easychair.org/conferences/?conf=pc20180,
,,,http://icemp.org/,,"February 10, 2018",https://easychair.org/cfp/ICEMP2018,https://easychair.org/conferences/?conf=icemp2018,
,,,http://ic3pe.chemistry.uii.ac.id/,,,https://easychair.org/cfp/ic3pe,https://easychair.org/conferences/?conf=ic3pe0,
"October 31, 2017",,,http://www.convegno-idra.it/,,"January 15, 2018",https://easychair.org/cfp/idra2018,https://easychair.org/conferences/?conf=idra2018,
,,,http://www.ehu.eus/ehusfera/hopdss2018/,,"March 15, 2018",https://easychair.org/cfp/HOPDSS2018,https://easychair.org/conferences/?conf=hopdss2018,
,,,http://icapm.org/,,"November 25, 2017",https://easychair.org/cfp/ICAPM2018,https://easychair.org/conferences/?conf=icapm2018,
"January 30, 2018",,,http://www.opal-conference.com,,"March 30, 2018",https://easychair.org/cfp/OPAL-2018,https://easychair.org/conferences/?conf=opal2018,
,,,http://icfvm.site,"November 30, 2017","April 30, 2018",https://easychair.org/cfp/icfvm2018,https://easychair.org/conferences/?conf=icfvm2018,
,,,http://icoevci.in/,,"November 30, 2017",https://easychair.org/cfp/ICoEVCI-2018,https://easychair.org/conferences/?conf=icoevci2018,
